{"pumped_uncertainty": 0.15, "not_pumped_uncertainty": 0.15, "descriptions": ["H pol", "V pol"], "calibration": {"polynomial": [-7.100490840458168e-08, 3.7767538348239346e-05, -0.002919595078156949, -11.226929612881992]}, "working_directory": "C:\\Users\\HARPIA\\Desktop\\circular_ta"}